{"exact_match": 68.6411149825784, "f1": 81.22757946234393, "description": "Used Full dataset to test the basic trained model task houlsby english xlm-roberta-base", "length train": 12780, "length test": 1148, "jaccard": 0.7367578693087242, "wer": 0.49726372592239704}