{
    "epoch": 2.0,
    "eval_exact_match": 28.9544235924933,
    "eval_f1": 41.205859783744735,
    "eval_samples": 12307,
    "train_loss": 2.4494860967000327,
    "train_runtime": 249.2922,
    "train_samples": 1532,
    "train_samples_per_second": 12.291,
    "train_steps_per_second": 0.77
}