{
    "epoch": 2.0,
    "eval_exact_match": 28.9544235924933,
    "eval_f1": 41.205859783744735,
    "eval_samples": 12307
}